name, quality
worker1,0.966666666667
worker3,0.9
worker2,0.866666666667
worker5,0.8
worker4,0.733333333333
